DateTime,Ticker,close,open,high,low,type,result,gain
2021-01-01 09:15:00,NIFTY,14007.8,14008.2,14023.5,13991.3,put,,0.0
2021-01-01 15:15:00,NIFTY,14015.425,14035.185230073334,14035.185230073334,14001.6,put,True,0.0
2021-01-04 09:15:00,NIFTY,14099.375,14019.965057518333,14107.8,14019.965057518333,call,False,83.95000000000073
2021-01-04 15:15:00,NIFTY,14134.974999999999,14115.239597305062,14148.0,14115.239597305062,call,True,35.599999999998545
2021-01-05 09:15:00,NIFTY,14086.925,14134.291149326265,14134.291149326265,14048.2,put,False,48.04999999999927
2021-01-05 15:15:00,NIFTY,14204.5,14177.093965829383,14215.6,14177.093965829383,call,False,117.57500000000073
2021-01-06 09:15:00,NIFTY,14226.975,14194.498491457347,14244.2,14194.498491457347,call,True,22.475000000000364
2021-01-06 15:15:00,NIFTY,14138.725,14135.751806490032,14157.9,14124.0,call,True,88.25
2021-01-07 09:15:00,NIFTY,14238.55,14134.056701622509,14256.3,14134.056701622509,call,True,99.82499999999891
2021-01-07 15:15:00,NIFTY,14134.525,14169.849694100421,14169.849694100421,14123.1,put,False,104.02499999999964
2021-01-08 09:15:00,NIFTY,14246.425,14147.743673525105,14259.2,14147.743673525105,call,False,111.89999999999964
2021-01-08 15:15:00,NIFTY,14353.8,14318.725977851072,14367.3,14318.725977851072,call,True,107.375
2021-01-11 09:15:00,NIFTY,14439.825,14341.26899446277,14458.7,14341.26899446277,call,True,86.02500000000146
2021-01-11 15:15:00,NIFTY,14487.725000000002,14474.409050395727,14498.2,14474.409050395727,call,True,47.900000000001455
2021-01-12 09:15:00,NIFTY,14472.5,14482.996012598931,14487.7,14432.8,put,False,15.225000000002183
2021-01-12 15:15:00,NIFTY,14565.675,14568.347286015513,14574.3,14554.0,put,True,93.17499999999927
2021-01-13 09:15:00,NIFTY,14634.024999999998,14569.780571503878,14645.8,14569.780571503878,call,False,68.34999999999854
2021-01-13 15:15:00,NIFTY,14561.05,14547.727104094956,14578.0,14540.2,call,True,72.97499999999854
2021-01-14 09:15:00,NIFTY,14543.374999999998,14555.744276023739,14562.8,14524.1,put,False,17.67500000000109
2021-01-14 15:15:00,NIFTY,14593.2,14591.461090211229,14604.5,14584.4,call,False,49.82500000000255
2021-01-15 09:15:00,NIFTY,14589.099999999999,14594.090272552807,14617.5,14569.3,put,False,4.100000000002183
2021-01-15 15:15:00,NIFTY,14433.175,14437.536882557884,14444.8,14425.2,put,True,155.92499999999927
2021-01-18 09:15:00,NIFTY,14426.325,14434.590470639472,14459.2,14389.2,put,True,6.849999999998545
2021-01-18 15:15:00,NIFTY,14263.45,14325.933930874793,14325.933930874793,14225.0,put,True,162.875
2021-01-19 09:15:00,NIFTY,14389.4,14261.758482718698,14419.5,14261.758482718698,call,False,125.94999999999891
2021-01-19 15:15:00,NIFTY,14520.474999999999,14525.223195532471,14529.6,14509.7,put,False,131.0749999999989
2021-01-20 09:15:00,NIFTY,14558.075,14522.624548883115,14587.1,14517.5,call,False,37.60000000000218
2021-01-20 15:15:00,NIFTY,14635.575,14652.480057528588,14652.480057528588,14619.2,put,False,77.5
2021-01-21 09:15:00,NIFTY,14726.025000000001,14633.113764382148,14737.7,14633.113764382148,call,False,90.45000000000073
2021-01-21 15:15:00,NIFTY,14602.675,14637.93998426132,14637.93998426132,14576.0,put,False,123.35000000000218
2021-01-22 09:15:00,NIFTY,14575.925,14623.40374606533,14623.40374606533,14545.1,put,True,26.75
2021-01-22 15:15:00,NIFTY,14366.3,14414.693202676102,14414.693202676102,14358.5,put,True,209.625
2021-01-25 09:15:00,NIFTY,14463.625,14376.848300669026,14491.1,14376.848300669026,call,False,97.32500000000073
2021-01-25 15:15:00,NIFTY,14235.199999999999,14271.593308521706,14271.593308521706,14218.6,put,False,228.4250000000011
2021-01-27 09:15:00,NIFTY,14186.875,14248.360827130426,14248.360827130426,14137.7,put,True,48.32499999999891
2021-01-27 15:15:00,NIFTY,13966.375,13971.351311754335,13983.3,13957.5,put,True,220.5
2021-01-28 09:15:00,NIFTY,13834.474999999999,13966.419077938583,13966.419077938583,13794.2,put,True,131.90000000000146
2021-01-28 15:15:00,NIFTY,13820.050000000001,13787.403598135357,13829.7,13787.403598135357,call,False,14.424999999997453
2021-01-29 09:15:00,NIFTY,13934.075,13811.300899533839,13966.8,13811.300899533839,call,True,114.02499999999964
2021-01-29 15:15:00,NIFTY,13641.45,13742.683548243396,13742.683548243396,13596.8,put,False,292.625
2021-02-01 09:15:00,NIFTY,13741.4,13675.833387060848,13773.8,13675.833387060848,call,False,99.94999999999891
2021-02-01 15:15:00,NIFTY,14291.575,14245.969359450542,14327.6,14245.969359450542,call,True,550.1750000000011
2021-02-02 09:15:00,NIFTY,14556.075,14299.348589862635,14643.6,14299.348589862635,call,True,264.5
2021-02-02 15:15:00,NIFTY,14651.025000000001,14643.44655128858,14671.7,14632.3,call,True,94.95000000000073
2021-02-03 09:15:00,NIFTY,14685.525000000001,14658.930387822145,14747.0,14574.2,call,True,34.5
2021-02-03 15:15:00,NIFTY,14790.100000000002,14817.515295851552,14817.515295851552,14779.3,put,False,104.57500000000073
2021-02-04 09:15:00,NIFTY,14764.4,14794.428823962888,14794.6,14733.5,put,True,25.700000000002547
2021-02-04 15:15:00,NIFTY,14891.275,14888.209687437346,14904.5,14882.0,call,False,126.875
2021-02-05 09:15:00,NIFTY,14974.2,14888.521171859336,15006.0,14888.521171859336,call,True,82.92500000000109
2021-02-05 15:15:00,NIFTY,14923.824999999999,14922.64383402295,14939.7,14907.9,call,True,50.37500000000182
2021-02-08 09:15:00,NIFTY,15076.775,14931.167208505736,15101.0,14931.167208505736,call,True,152.95000000000073
2021-02-08 15:15:00,NIFTY,15120.449999999999,15120.881370073092,15130.7,15106.6,put,False,43.67499999999927
2021-02-09 09:15:00,NIFTY,15168.875,15124.195342518273,15188.5,15124.195342518273,call,False,48.42500000000109
2021-02-09 15:15:00,NIFTY,15118.85,15165.241699479244,15165.241699479244,15103.6,put,False,50.024999999999636
2021-02-10 09:15:00,NIFTY,15115.425,15125.597924869811,15168.3,15070.8,put,True,3.4250000000010914
2021-02-10 15:15:00,NIFTY,15122.224999999999,15054.719091223058,15142.8,15054.719091223058,call,False,6.799999999999272
2021-02-11 09:15:00,NIFTY,15094.85,15113.248522805763,15122.4,15065.4,put,False,27.37499999999818
2021-02-11 15:15:00,NIFTY,15176.525,15160.30201032749,15188.5,15160.30201032749,call,False,81.67499999999927
2021-02-12 09:15:00,NIFTY,15190.400000000001,15172.706752581873,15223.3,15157.8,call,True,13.875000000001819
2021-02-12 15:15:00,NIFTY,15164.75,15150.482122570678,15188.0,15150.482122570678,call,True,25.650000000001455
2021-02-15 09:15:00,NIFTY,15273.250000000002,15160.87053064267,15301.8,15160.87053064267,call,True,108.50000000000182
2021-02-15 15:15:00,NIFTY,15323.05,15301.56673535231,15340.2,15301.56673535231,call,True,49.79999999999745
2021-02-16 09:15:00,NIFTY,15398.575,15322.304183838078,15425.3,15322.304183838078,call,True,75.52500000000146
2021-02-16 15:15:00,NIFTY,15316.875,15305.98719932611,15331.7,15303.2,call,True,81.70000000000073
2021-02-17 09:15:00,NIFTY,15270.599999999999,15314.053049831527,15314.053049831527,15242.8,put,False,46.275000000001455
2021-02-17 15:15:00,NIFTY,15205.625,15215.25770390648,15222.3,15189.0,put,True,64.97499999999854
2021-02-18 09:15:00,NIFTY,15230.275,15202.458175976619,15250.8,15200.0,call,False,24.649999999999636
2021-02-18 15:15:00,NIFTY,15111.175,15127.366293968747,15127.366293968747,15095.0,put,False,119.10000000000036
2021-02-19 09:15:00,NIFTY,15058.15,15118.585323492187,15118.585323492187,15033.5,put,True,53.024999999999636
2021-02-19 15:15:00,NIFTY,15000.75,14950.8799397281,15018.4,14950.8799397281,call,False,57.399999999999636
2021-02-22 09:15:00,NIFTY,14974.025,14988.132484932026,15008.5,14923.5,put,False,26.725000000000364
2021-02-22 15:15:00,NIFTY,14661.25,14721.774188945143,14721.774188945143,14635.0,put,True,312.77499999999964
2021-02-23 09:15:00,NIFTY,14755.224999999999,14665.768547236286,14782.3,14665.768547236286,call,False,93.97499999999854
2021-02-23 15:15:00,NIFTY,14718.4,14723.384890144678,14731.5,14696.5,put,False,36.82499999999891
2021-02-24 09:15:00,NIFTY,14747.775,14719.63372253617,14776.6,14719.63372253617,call,False,29.375
2021-02-25 09:15:00,NIFTY,15112.75,14783.08804515851,15157.5,14783.08804515851,call,True,364.97500000000036
2021-02-25 15:15:00,NIFTY,15095.525000000001,15123.863787814262,15123.863787814262,15084.3,put,False,17.224999999998545
2021-02-26 09:15:00,NIFTY,14872.975,15105.284696953566,15105.284696953566,14777.5,put,True,222.5500000000011
2021-02-26 15:15:00,NIFTY,14522.575,14631.489560598715,14631.489560598715,14467.8,put,True,350.39999999999964
2021-03-01 09:15:00,NIFTY,14686.175,14545.52864014968,14732.2,14545.52864014968,call,False,163.59999999999854
2021-03-01 15:15:00,NIFTY,14770.349999999999,14741.45279076419,14788.9,14741.45279076419,call,True,84.17499999999927
2021-03-02 09:15:00,NIFTY,14852.974999999999,14770.888197691047,14884.7,14770.888197691047,call,True,82.625
2021-03-02 15:15:00,NIFTY,14934.275000000001,14857.29255379815,14959.1,14857.29255379815,call,True,81.30000000000291
2021-03-03 09:15:00,NIFTY,15041.849999999999,14920.066888449537,15064.8,14920.066888449537,call,True,107.57499999999709
2021-03-03 15:15:00,NIFTY,15251.625,15201.895969523006,15273.2,15201.895969523006,call,True,209.77500000000146
2021-03-04 09:15:00,NIFTY,15056.8,15233.230242380752,15233.230242380752,15013.5,put,False,194.82500000000073
2021-03-04 15:15:00,NIFTY,15076.875,15120.682975514546,15120.682975514546,15063.2,put,True,20.075000000000728
2021-03-05 09:15:00,NIFTY,14986.825,15088.376993878635,15088.376993878635,14929.3,put,True,90.04999999999927
2021-03-05 15:15:00,NIFTY,14949.55,14919.407458669066,14964.3,14919.407458669066,call,False,37.275000000001455
2021-03-08 09:15:00,NIFTY,15018.65,14947.114364667266,15049.3,14947.114364667266,call,True,69.10000000000036
2021-03-08 15:15:00,NIFTY,14965.45,14988.364407596848,14988.364407596848,14956.5,put,False,53.19999999999891
2021-03-09 09:15:00,NIFTY,15076.875,14969.016101899211,15119.3,14969.016101899211,call,False,111.42499999999927
2021-03-09 15:15:00,NIFTY,15110.000000000002,15039.461704721518,15126.8,15039.461704721518,call,True,33.12500000000182
2021-03-10 09:15:00,NIFTY,15191.5,15087.71542618038,15218.5,15087.71542618038,call,True,81.49999999999818
2021-03-10 15:15:00,NIFTY,15173.2,15170.48632312211,15188.1,15163.2,call,True,18.299999999999272
2021-03-12 09:15:00,NIFTY,15314.6,15168.871580780527,15336.3,15168.871580780527,call,True,141.39999999999964
2021-03-12 15:15:00,NIFTY,15023.1,15018.46681320796,15038.0,15004.6,call,True,291.5
2021-03-15 09:15:00,NIFTY,14981.175,15021.36670330199,15044.9,14901.5,put,False,41.92500000000109
2021-03-15 15:15:00,NIFTY,14922.7,14882.254479127629,14940.9,14882.254479127629,call,False,58.474999999998545
2021-03-16 09:15:00,NIFTY,14992.3,14911.501119781908,15016.2,14911.501119781908,call,True,69.59999999999854
2021-03-16 15:15:00,NIFTY,14912.349999999999,14930.04495950646,14930.04495950646,14896.7,put,False,79.95000000000073
2021-03-17 09:15:00,NIFTY,14931.8,14922.048739876616,14956.5,14884.5,call,False,19.450000000000728
2021-03-17 15:15:00,NIFTY,14708.1,14770.69259358339,14770.69259358339,14698.1,put,False,223.6999999999989
2021-03-18 09:15:00,NIFTY,14839.025,14723.323148395848,14875.2,14723.323148395848,call,False,130.92499999999927
2021-03-18 15:15:00,NIFTY,14577.175,14537.338648438345,14590.5,14537.338648438345,call,True,261.85000000000036
2021-03-19 09:15:00,NIFTY,14432.05,14570.403412109586,14570.403412109586,14372.3,put,False,145.125
2021-03-19 15:15:00,NIFTY,14733.75,14730.498694682323,14749.0,14711.1,call,False,301.7000000000007
2021-03-22 09:15:00,NIFTY,14699.95,14733.224673670582,14739.0,14645.0,put,False,33.79999999999927
2021-03-22 15:15:00,NIFTY,14746.425,14697.380271784943,14760.1,14697.380271784943,call,False,46.474999999998545
2021-03-23 09:15:00,NIFTY,14797.275,14734.313817946237,14844.0,14734.313817946237,call,True,50.850000000000364
2021-03-23 15:15:00,NIFTY,14806.875,14845.814553477694,14845.814553477694,14783.0,put,False,9.600000000000364
2021-03-24 09:15:00,NIFTY,14726.149999999998,14815.634888369423,14815.634888369423,14703.2,put,True,80.72500000000218
2021-03-24 15:15:00,NIFTY,14556.425,14594.91159864276,14594.91159864276,14538.7,put,True,169.72499999999854
2021-03-25 09:15:00,NIFTY,14504.8,14571.28414966069,14575.6,14431.7,put,True,51.625
2021-03-25 15:15:00,NIFTY,14314.599999999999,14385.965258060942,14385.965258060942,14287.5,put,True,190.20000000000073
2021-03-26 09:15:00,NIFTY,14477.2,14345.491314515235,14507.3,14345.491314515235,call,False,162.60000000000218
2021-03-26 15:15:00,NIFTY,14508.75,14514.1475630606,14537.3,14474.2,put,False,31.549999999999272
2021-03-30 09:15:00,NIFTY,14646.0,14517.524390765151,14669.5,14517.524390765151,call,False,137.25
2021-03-30 15:15:00,NIFTY,14843.224999999999,14851.992414684557,14863.1,14828.3,put,False,197.22499999999854
2021-03-31 09:15:00,NIFTY,14771.099999999999,14844.99185367114,14844.99185367114,14727.0,put,True,72.125
2021-03-31 15:15:00,NIFTY,14691.825,14711.63381671559,14711.63381671559,14676.0,put,True,79.27499999999782
2021-04-01 09:15:00,NIFTY,14792.525000000001,14696.589704178898,14814.7,14696.589704178898,call,False,100.70000000000073
2021-04-01 15:15:00,NIFTY,14868.25,14854.336793396753,14883.2,14854.336793396753,call,True,75.72499999999854
2021-04-05 09:15:00,NIFTY,14806.35,14862.234198349188,14862.234198349188,14736.6,put,False,61.899999999999636
2021-04-05 15:15:00,NIFTY,14640.175,14645.67786954547,14653.2,14626.8,put,True,166.1750000000011
2021-04-06 09:15:00,NIFTY,14683.9,14646.088217386368,14738.2,14573.9,call,False,43.725000000000364
2021-04-06 15:15:00,NIFTY,14687.875,14660.505234941138,14703.5,14660.505234941138,call,True,3.975000000000364
2021-04-07 09:15:00,NIFTY,14717.349999999999,14686.945058735284,14754.0,14649.8,call,True,29.474999999998545
2021-04-07 15:15:00,NIFTY,14814.475,14824.68079515368,14824.68079515368,14804.5,put,False,97.12500000000182
2021-04-08 09:15:00,NIFTY,14900.825,14813.95144878842,14939.2,14813.95144878842,call,False,86.35000000000036
2021-04-08 15:15:00,NIFTY,14873.725,14881.69892544606,14884.8,14864.9,put,False,27.100000000000364
2021-04-09 09:15:00,NIFTY,14858.05,14877.155981361517,14884.2,14806.3,put,True,15.675000000001091
2021-04-09 15:15:00,NIFTY,14836.825,14841.802149990559,14844.8,14830.3,put,True,21.224999999998545
2021-04-12 09:15:00,NIFTY,14559.5,14838.16928749764,14838.16928749764,14463.0,put,True,277.3250000000007
2021-04-12 15:15:00,NIFTY,14321.95,14285.400000290232,14347.6,14285.400000290232,call,False,237.54999999999927
2021-04-13 09:15:00,NIFTY,14352.025,14323.87500007256,14392.0,14274.9,call,True,30.07499999999891
2021-04-13 15:15:00,NIFTY,14516.65,14481.179855537415,14526.5,14481.179855537415,call,True,164.625
2021-04-15 09:15:00,NIFTY,14533.825,14511.957463884353,14566.8,14482.8,call,True,17.17500000000109
2021-04-15 15:15:00,NIFTY,14586.35,14528.130960326342,14597.5,14528.130960326342,call,True,52.524999999999636
2021-04-16 09:15:00,NIFTY,14603.5,14572.207740081585,14640.8,14559.0,call,True,17.149999999999636
2021-04-16 15:15:00,NIFTY,14606.349999999999,14650.725404319628,14650.725404319628,14585.6,put,False,2.849999999998545
2021-04-19 09:15:00,NIFTY,14281.3,14608.631351079908,14608.631351079908,14203.2,put,True,325.0499999999993
2021-04-19 15:15:00,NIFTY,14362.724999999999,14340.358275558434,14370.4,14340.358275558434,call,False,81.42499999999927
2021-04-20 09:15:00,NIFTY,14507.025000000001,14356.683318889609,14527.0,14356.683318889609,call,True,144.3000000000029
2021-04-20 15:15:00,NIFTY,14295.875,14280.43642533173,14320.5,14275.5,call,True,211.15000000000146
2021-04-22 09:15:00,NIFTY,14202.1,14283.465356332934,14283.465356332934,14151.4,put,False,93.77499999999964
2021-04-22 15:15:00,NIFTY,14404.55,14400.089504889569,14412.5,14395.6,call,False,202.4499999999989
2021-04-23 09:15:00,NIFTY,14354.075,14401.234876222392,14402.0,14319.0,put,False,50.474999999998545
2021-04-23 15:15:00,NIFTY,14341.175,14321.887445262664,14351.5,14321.887445262664,call,False,12.900000000001455
2021-04-26 09:15:00,NIFTY,14469.625,14331.740611315667,14505.3,14331.740611315667,call,True,128.45000000000073
2021-04-26 15:15:00,NIFTY,14484.225,14474.61659487877,14494.5,14474.61659487877,call,True,14.600000000000364
2021-04-27 09:15:00,NIFTY,14519.275000000001,14482.910398719694,14554.3,14482.910398719694,call,True,35.05000000000109
2021-04-27 15:15:00,NIFTY,14657.05,14642.205209349715,14667.5,14642.205209349715,call,True,137.77499999999782
2021-04-28 09:15:00,NIFTY,14727.075,14652.601302337429,14753.5,14652.601302337429,call,True,70.02500000000146
2021-04-28 15:15:00,NIFTY,14857.825,14871.12016906001,14871.12016906001,14847.3,put,False,130.75
2021-04-29 09:15:00,NIFTY,15000.449999999999,14857.186292265003,15044.3,14857.186292265003,call,False,142.62499999999818
2021-04-29 15:15:00,NIFTY,14885.224999999999,14905.627007695215,14905.627007695215,14875.5,put,False,115.22500000000036
2021-04-30 09:15:00,NIFTY,14782.900000000001,14889.600501923804,14889.600501923804,14730.8,put,True,102.32499999999709
2021-04-30 15:15:00,NIFTY,14622.0,14683.29302316013,14683.29302316013,14601.7,put,True,160.90000000000146
2021-05-03 09:15:00,NIFTY,14486.225000000002,14635.160755790032,14635.160755790032,14416.3,put,True,135.77499999999782
2021-05-03 15:15:00,NIFTY,14633.525,14635.764790081128,14643.0,14620.1,put,True,147.29999999999745
2021-05-04 09:15:00,NIFTY,14686.875,14638.809947520283,14723.4,14638.809947520283,call,False,53.350000000000364
2021-05-04 15:15:00,NIFTY,14505.15,14509.618027474578,14513.2,14491.6,put,False,181.72500000000036
2021-05-05 09:15:00,NIFTY,14575.300000000001,14506.504506868645,14608.2,14506.504506868645,call,False,70.15000000000146
2021-05-05 15:15:00,NIFTY,14627.0,14596.052347320587,14637.5,14596.052347320587,call,True,51.69999999999891
2021-05-06 09:15:00,NIFTY,14658.224999999999,14622.963086830146,14683.2,14622.963086830146,call,True,31.224999999998545
2021-05-06 15:15:00,NIFTY,14730.475,14699.837100523,14743.9,14699.837100523,call,True,72.25000000000182
2021-05-07 09:15:00,NIFTY,14832.1,14724.465525130749,14852.5,14724.465525130749,call,True,101.625
2021-05-07 15:15:00,NIFTY,14818.400000000001,14833.672308490604,14833.672308490604,14806.3,put,False,13.699999999998909
2021-05-10 09:15:00,NIFTY,14934.325,14818.030577122652,14951.3,14818.030577122652,call,False,115.92499999999927
2021-05-10 15:15:00,NIFTY,14942.399999999998,14941.764349845385,14950.3,14929.7,call,True,8.07499999999709
2021-05-11 09:15:00,NIFTY,14804.575,14945.966087461346,14945.966087461346,14771.4,put,False,137.8249999999971
2021-05-11 15:15:00,NIFTY,14849.949999999999,14841.632070326275,14855.8,14841.632070326275,call,False,45.37499999999818
2021-05-12 09:15:00,NIFTY,14798.2,14845.383017581567,14845.383017581567,14767.3,put,False,51.74999999999818
2021-05-12 15:15:00,NIFTY,14700.675,14699.984578188241,14713.4,14688.7,call,False,97.52500000000146
2021-05-14 09:15:00,NIFTY,14707.525,14699.40239454706,14749.7,14653.6,call,True,6.850000000000364
2021-05-14 15:15:00,NIFTY,14678.95,14676.212332062567,14693.8,14668.5,call,True,28.57499999999891
2021-05-17 09:15:00,NIFTY,14748.099999999999,14680.053083015642,14767.3,14680.053083015642,call,True,69.14999999999782
2021-05-17 15:15:00,NIFTY,14923.050000000001,14907.442026049082,14938.0,14907.442026049082,call,True,174.95000000000255
2021-05-18 09:15:00,NIFTY,15090.025000000001,14918.99800651227,15119.9,14918.99800651227,call,True,166.97500000000036
2021-05-18 15:15:00,NIFTY,15108.3,15100.92099673885,15117.7,15100.3,call,True,18.274999999997817
2021-05-19 09:15:00,NIFTY,15075.95,15106.267749184712,15106.267749184712,15049.7,put,False,32.349999999998545
2021-05-19 15:15:00,NIFTY,15025.3,15051.208476618991,15051.208476618991,15008.8,put,True,50.650000000001455
2021-05-20 09:15:00,NIFTY,15024.5,15028.102119154748,15069.8,14989.4,put,True,0.7999999999992724
2021-05-20 15:15:00,NIFTY,14912.699999999999,14921.4205451907,14923.8,14898.6,put,True,111.80000000000109
2021-05-21 09:15:00,NIFTY,15008.075,14917.305136297675,15026.7,14917.305136297675,call,False,95.37500000000182
2021-05-21 15:15:00,NIFTY,15181.625,15159.578509240158,15190.0,15159.578509240158,call,True,173.54999999999927
2021-05-24 09:15:00,NIFTY,15224.4,15176.23837731004,15251.9,15176.23837731004,call,True,42.774999999999636
2021-05-24 15:15:00,NIFTY,15188.775,15222.643347968959,15222.643347968959,15171.5,put,False,35.625
2021-05-25 09:15:00,NIFTY,15280.8,15193.54208699224,15293.8,15193.54208699224,call,False,92.02499999999964
2021-05-25 15:15:00,NIFTY,15210.45,15198.787790077455,15222.7,15198.5,call,True,70.34999999999854
2021-05-26 09:15:00,NIFTY,15233.75,15211.871947519363,15258.6,15195.0,call,True,23.299999999999272
2021-05-26 15:15:00,NIFTY,15304.625,15304.425094534276,15315.3,15300.0,call,True,70.875
2021-05-27 09:15:00,NIFTY,15311.175,15302.800023633568,15335.5,15280.8,call,True,6.549999999999272
2021-05-27 15:15:00,NIFTY,15351.625,15310.629573075475,15384.5,15310.629573075475,call,True,40.45000000000073
2021-05-28 09:15:00,NIFTY,15426.925,15350.43864326887,15455.5,15350.43864326887,call,True,75.29999999999927
2021-05-28 15:15:00,NIFTY,15443.849999999999,15432.622948093036,15458.3,15432.2,call,True,16.924999999999272
2021-05-31 09:15:00,NIFTY,15414.099999999999,15445.555737023258,15445.555737023258,15384.2,put,False,29.75
2021-05-31 15:15:00,NIFTY,15584.175,15561.816810527785,15606.3,15561.816810527785,call,False,170.07500000000073
2021-06-01 09:15:00,NIFTY,15628.724999999999,15575.347952631946,15650.2,15575.347952631946,call,True,44.54999999999927
2021-06-01 15:15:00,NIFTY,15575.125,15574.449804259715,15586.5,15568.7,call,True,53.599999999998545
2021-06-02 09:15:00,NIFTY,15526.25,15572.393701064928,15572.393701064928,15500.5,put,False,48.875
2021-06-02 15:15:00,NIFTY,15583.7,15539.679636042936,15597.5,15539.679636042936,call,False,57.45000000000073
2021-06-03 09:15:00,NIFTY,15668.974999999999,15575.294909010736,15693.2,15575.294909010736,call,True,85.27499999999782
2021-06-03 15:15:00,NIFTY,15691.8,15668.443444193595,15705.1,15668.443444193595,call,True,22.825000000000728
2021-06-04 09:15:00,NIFTY,15704.25,15683.6608610484,15713.2,15680.2,call,True,12.450000000000728
2021-06-04 15:15:00,NIFTY,15671.150000000001,15663.802980602435,15682.0,15663.802980602435,call,True,33.099999999998545
2021-06-07 09:15:00,NIFTY,15708.425000000001,15668.325745150609,15728.2,15668.325745150609,call,True,37.274999999999636
2021-06-07 15:15:00,NIFTY,15749.774999999998,15757.647744175836,15757.8,15742.2,put,False,41.349999999996726
2021-06-08 09:15:00,NIFTY,15757.849999999999,15750.093186043958,15778.8,15734.3,call,False,8.075000000000728
2021-06-08 15:15:00,NIFTY,15739.375,15742.17055615444,15747.0,15733.6,put,False,18.474999999998545
2021-06-09 09:15:00,NIFTY,15754.525,15740.861389038611,15772.8,15723.1,call,False,15.149999999999636
2021-06-09 15:15:00,NIFTY,15642.5,15624.573459830068,15654.6,15624.573459830068,call,True,112.02499999999964
2021-06-10 09:15:00,NIFTY,15673.1,15636.993364957518,15696.1,15636.993364957518,call,True,30.600000000000364
2021-06-10 15:15:00,NIFTY,15738.325,15736.80082574745,15743.8,15729.5,call,True,65.22500000000036
2021-06-11 09:15:00,NIFTY,15804.2,15740.356456436864,15824.0,15740.356456436864,call,True,65.875
2021-06-11 15:15:00,NIFTY,15801.5,15796.559505501773,15806.6,15795.8,call,True,2.7000000000007276
2021-06-14 09:15:00,NIFTY,15733.974999999999,15801.414876375442,15801.414876375442,15670.3,put,False,67.52500000000146
2021-06-14 15:15:00,NIFTY,15813.475,15808.393200384966,15823.0,15807.6,call,False,79.50000000000182
2021-06-15 09:15:00,NIFTY,15869.025,15810.567050096242,15883.5,15810.567050096242,call,True,55.54999999999927
2021-06-15 15:15:00,NIFTY,15866.150000000001,15877.375424408438,15877.8,15854.5,put,False,2.874999999998181
2021-06-16 09:15:00,NIFTY,15848.8,15864.95635610211,15873.0,15815.0,put,True,17.350000000002183
2021-06-16 15:15:00,NIFTY,15760.55,15798.60321922936,15798.60321922936,15742.6,put,True,88.25
2021-06-17 09:15:00,NIFTY,15678.675,15767.52580480734,15767.52580480734,15644.7,put,True,81.875
2021-06-17 15:15:00,NIFTY,15690.224999999999,15673.214972123551,15708.8,15673.2,call,False,11.549999999999272
2021-06-18 09:15:00,NIFTY,15736.575,15680.122493030889,15761.5,15680.122493030889,call,True,46.35000000000218
2021-06-18 15:15:00,NIFTY,15703.075,15653.916078924984,15729.2,15653.916078924984,call,True,33.5
2021-06-21 09:15:00,NIFTY,15550.849999999999,15700.310269731246,15700.310269731246,15505.7,put,False,152.22500000000218
2021-06-21 15:15:00,NIFTY,15748.325,15728.375102741138,15765.2,15728.375102741138,call,False,197.47500000000218
2021-06-22 09:15:00,NIFTY,15841.575,15743.100025685286,15862.4,15743.100025685286,call,True,93.25
2021-06-22 15:15:00,NIFTY,15767.675000000001,15808.177646248045,15808.177646248045,15752.1,put,False,73.89999999999964
2021-06-23 09:15:00,NIFTY,15829.0,15775.388161562012,15863.0,15775.388161562012,call,False,61.32499999999891
2021-06-23 15:15:00,NIFTY,15685.925,15701.624734967241,15701.624734967241,15675.0,put,False,143.07500000000073
2021-06-24 09:15:00,NIFTY,15734.625,15692.26243374181,15746.2,15692.26243374181,call,False,48.70000000000073
2021-06-24 15:15:00,NIFTY,15791.7,15794.46188644692,15799.1,15779.2,put,False,57.07500000000073
2021-06-25 09:15:00,NIFTY,15823.425,15792.51547161173,15844.5,15782.8,call,False,31.724999999998545
2021-06-25 15:15:00,NIFTY,15855.7,15860.346661760836,15868.5,15842.3,put,False,32.275000000001455
2021-06-28 09:15:00,NIFTY,15897.275,15851.999165440207,15915.7,15851.999165440207,call,False,41.57499999999891
2021-06-28 15:15:00,NIFTY,15817.149999999998,15823.960096622954,15825.8,15806.7,put,False,80.12500000000182
2021-06-29 09:15:00,NIFTY,15812.0,15820.590024155737,15829.3,15787.0,put,True,5.149999999997817
2021-06-29 15:15:00,NIFTY,15749.099999999999,15747.619079112412,15759.2,15740.7,call,False,62.900000000001455
2021-06-30 09:15:00,NIFTY,15786.525000000001,15749.517269778102,15812.5,15749.517269778102,call,True,37.42500000000291
2021-06-30 15:15:00,NIFTY,15719.8,15743.6894851978,15743.6894851978,15708.8,put,False,66.72500000000218
2021-07-01 09:15:00,NIFTY,15737.199999999999,15729.709871299448,15755.5,15711.1,call,False,17.399999999999636
2021-07-01 15:15:00,NIFTY,15684.15,15688.476530111424,15692.9,15673.9,put,False,53.04999999999927
2021-07-02 09:15:00,NIFTY,15685.8,15689.206632527857,15711.2,15658.2,put,True,1.6499999999996362
2021-07-02 15:15:00,NIFTY,15727.150000000001,15703.801542324223,15738.3,15703.801542324223,call,False,41.35000000000218
2021-07-05 09:15:00,NIFTY,15793.625,15721.912885581056,15809.5,15721.912885581056,call,True,66.47499999999854
2021-07-05 15:15:00,NIFTY,15837.925,15828.818951442116,15846.0,15828.818951442116,call,True,44.29999999999927
2021-07-06 09:15:00,NIFTY,15837.774999999998,15835.260987860527,15864.3,15808.7,call,True,0.1500000000014552
2021-07-06 15:15:00,NIFTY,15811.95,15848.085321136474,15848.085321136474,15801.0,put,False,25.82499999999709
2021-07-07 09:15:00,NIFTY,15823.175,15821.79633028412,15846.6,15779.7,call,False,11.224999999998545
2021-07-07 15:15:00,NIFTY,15881.925,15854.160516716322,15893.5,15854.160516716322,call,True,58.75
2021-07-08 09:15:00,NIFTY,15869.425000000001,15873.833879179081,15885.8,15849.9,put,False,12.499999999998181
2021-07-08 15:15:00,NIFTY,15730.525000000001,15720.163424918584,15743.4,15720.163424918584,call,False,138.89999999999964
2021-07-09 09:15:00,NIFTY,15667.575,15725.234606229646,15725.234606229646,15632.8,put,False,62.95000000000073
2021-07-09 15:15:00,NIFTY,15689.525000000001,15688.06709753332,15700.3,15683.3,call,False,21.950000000000728
2021-07-12 09:15:00,NIFTY,15766.275000000001,15690.760524383331,15779.2,15690.760524383331,call,True,76.75
2021-07-12 15:15:00,NIFTY,15691.625,15678.92052206907,15702.5,15678.92052206907,call,True,74.65000000000146
2021-07-13 09:15:00,NIFTY,15777.024999999998,15687.998880517269,15796.3,15687.998880517269,call,True,85.39999999999782
2021-07-13 15:15:00,NIFTY,15812.425,15804.438476963274,15820.8,15804.438476963274,call,True,35.400000000001455
2021-07-14 09:15:00,NIFTY,15798.95,15808.190869240818,15811.7,15784.3,put,False,13.474999999998545
2021-07-14 15:15:00,NIFTY,15850.849999999999,15859.759510212592,15866.2,15834.5,put,True,51.89999999999782
2021-07-15 09:15:00,NIFTY,15880.400000000001,15848.139877553147,15896.2,15848.139877553147,call,False,29.55000000000291
2021-07-15 15:15:00,NIFTY,15921.900000000001,15929.974412783376,15929.974412783376,15916.8,put,False,41.5
2021-07-16 09:15:00,NIFTY,15949.075,15923.343603195844,15962.3,15923.343603195844,call,False,27.174999999999272
2021-07-16 15:15:00,NIFTY,15922.150000000001,15926.285340241706,15927.7,15914.8,put,False,26.924999999999272
2021-07-19 09:15:00,NIFTY,15783.224999999999,15922.858835060426,15922.858835060426,15736.0,put,True,138.9250000000029
2021-07-19 15:15:00,NIFTY,15755.099999999999,15739.61773484551,15766.1,15739.61773484551,call,False,28.125
2021-07-20 09:15:00,NIFTY,15704.599999999999,15751.429433711377,15751.429433711377,15681.3,put,False,50.5
2021-07-20 15:15:00,NIFTY,15630.175,15649.925907533136,15649.925907533136,15617.5,put,True,74.42499999999927
2021-07-22 09:15:00,NIFTY,15749.175000000001,15631.000226883283,15762.4,15631.000226883283,call,False,119.00000000000182
2021-07-22 15:15:00,NIFTY,15824.525000000001,15795.17678074987,15834.8,15795.17678074987,call,True,75.35000000000036
2021-07-23 09:15:00,NIFTY,15858.474999999999,15817.237945187468,15876.5,15817.237945187468,call,True,33.94999999999709
2021-07-23 15:15:00,NIFTY,15854.150000000001,15876.55878700691,15876.55878700691,15841.0,put,False,4.32499999999709
2021-07-26 09:15:00,NIFTY,15848.400000000001,15857.664696751728,15877.2,15797.0,put,True,5.75
2021-07-26 15:15:00,NIFTY,15823.75,15836.435520220679,15836.435520220679,15817.1,put,True,24.650000000001455
2021-07-27 09:15:00,NIFTY,15864.4,15824.846380055169,15881.5,15824.846380055169,call,False,40.649999999999636
2021-07-27 15:15:00,NIFTY,15745.925,15733.323593461297,15752.2,15733.323593461297,call,True,118.47500000000036
2021-07-28 09:15:00,NIFTY,15717.15,15742.112148365324,15767.5,15656.1,put,False,28.774999999999636
2021-07-28 15:15:00,NIFTY,15713.475,15681.497918767462,15721.9,15681.497918767462,call,False,3.6749999999992724
2021-07-29 09:15:00,NIFTY,15765.3,15705.230729691866,15785.9,15705.230729691866,call,True,51.82499999999891
2021-07-29 15:15:00,NIFTY,15775.574999999999,15788.11648862843,15788.11648862843,15770.4,put,False,10.274999999999636
2021-07-30 09:15:00,NIFTY,15779.875,15780.985372157105,15801.0,15744.8,put,True,4.300000000001091
2021-07-30 15:15:00,NIFTY,15759.825,15794.284829340002,15794.284829340002,15745.8,put,True,20.049999999999272
2021-08-02 09:15:00,NIFTY,15864.400000000001,15774.352457335,15876.9,15774.352457335,call,False,104.57500000000073
2021-08-02 15:15:00,NIFTY,15888.25,15870.070928499248,15892.9,15870.070928499248,call,True,23.849999999998545
2021-08-03 09:15:00,NIFTY,15938.5,15882.617732124812,15951.6,15882.617732124812,call,True,50.25
2021-08-03 15:15:00,NIFTY,16129.175,16095.334093553884,16146.9,16095.334093553884,call,True,190.67499999999927
2021-08-04 09:15:00,NIFTY,16218.474999999999,16118.83977338847,16253.1,16118.83977338847,call,True,89.29999999999927
2021-08-04 15:15:00,NIFTY,16257.35,16258.415922976421,16266.8,16245.6,put,False,38.87500000000182
2021-08-05 09:15:00,NIFTY,16269.325,16255.453980744107,16294.7,16243.0,call,False,11.975000000000364
2021-08-05 15:15:00,NIFTY,16284.0,16311.600399594246,16311.600399594246,16275.5,put,False,14.674999999999272
2021-08-06 09:15:00,NIFTY,16307.25,16288.82509989856,16327.5,16274.8,call,False,23.25
2021-08-06 15:15:00,NIFTY,16240.325,16249.397868211574,16256.1,16226.0,put,False,66.92499999999927
2021-08-09 09:15:00,NIFTY,16278.075,16248.605717052895,16305.0,16246.5,call,False,37.75
2021-08-09 15:15:00,NIFTY,16259.074999999999,16234.346731950684,16265.8,16234.346731950684,call,True,19.00000000000182
2021-08-10 09:15:00,NIFTY,16297.025,16250.06793298767,16323.8,16250.06793298767,call,True,37.95000000000073
2021-08-10 15:15:00,NIFTY,16276.25,16273.037138193426,16289.4,16262.7,call,True,20.774999999999636
2021-08-11 09:15:00,NIFTY,16315.225,16270.846784548356,16338.8,16270.846784548356,call,True,38.975000000000364
2021-08-11 15:15:00,NIFTY,16281.3,16256.87194596659,16289.2,16256.87194596659,call,True,33.92500000000109
2021-08-12 09:15:00,NIFTY,16310.550000000001,16271.88048649165,16329.8,16271.88048649165,call,True,29.25000000000182
2021-08-12 15:15:00,NIFTY,16361.075,16353.679859699636,16371.7,16353.679859699636,call,True,50.524999999999636
2021-08-13 09:15:00,NIFTY,16409.399999999998,16358.95121492491,16435.4,16358.95121492491,call,True,48.32499999999709
2021-08-13 15:15:00,NIFTY,16524.9,16524.88689030714,16537.1,16514.5,call,True,115.50000000000364
2021-08-16 09:15:00,NIFTY,16527.225,16521.396722576785,16550.8,16499.2,call,True,2.3249999999970896
2021-08-16 15:15:00,NIFTY,16559.5,16572.36429509054,16572.36429509054,16547.6,put,False,32.275000000001455
2021-08-17 09:15:00,NIFTY,16560.5,16556.728573772634,16589.5,16516.6,call,False,1.0
2021-08-17 15:15:00,NIFTY,16615.774999999998,16577.64912298492,16628.6,16577.64912298492,call,True,55.27499999999782
2021-08-18 09:15:00,NIFTY,16677.025,16601.781030746228,16693.0,16601.781030746228,call,True,61.25000000000364
2021-08-18 15:15:00,NIFTY,16564.425,16557.535903659824,16580.2,16548.8,call,True,112.60000000000218
2021-08-20 09:15:00,NIFTY,16429.875,16555.540225914956,16555.540225914956,16376.0,put,False,134.54999999999927
2021-08-20 15:15:00,NIFTY,16440.75,16471.217160500004,16471.217160500004,16413.6,put,True,10.875
2021-08-23 09:15:00,NIFTY,16572.975,16435.679290125,16592.5,16435.679290125,call,False,132.22499999999854
2021-08-23 15:15:00,NIFTY,16492.9,16506.172542801753,16506.172542801753,16485.7,put,False,80.07499999999709
2021-08-24 09:15:00,NIFTY,16552.725,16493.95563570044,16585.3,16493.95563570044,call,False,59.82499999999709
2021-08-24 15:15:00,NIFTY,16618.6,16630.750351120867,16631.1,16608.0,put,False,65.875
2021-08-25 09:15:00,NIFTY,16671.85,16618.787587780214,16695.0,16618.787587780214,call,False,53.25
2021-08-25 15:15:00,NIFTY,16631.05,16637.76055753455,16643.0,16625.8,put,False,40.79999999999927
2021-08-26 09:15:00,NIFTY,16632.1,16633.352639383636,16643.3,16611.2,put,True,1.0499999999992724
2021-08-26 15:15:00,NIFTY,16636.025,16625.87921988384,16650.4,16624.6,call,False,3.9250000000029104
2021-08-27 09:15:00,NIFTY,16622.9,16631.01355497096,16655.9,16593.0,put,False,13.125
2021-08-27 15:15:00,NIFTY,16703.15,16705.52978684983,16714.3,16691.9,put,True,80.25
2021-08-30 09:15:00,NIFTY,16797.35,16698.444946712458,16830.4,16698.444946712458,call,False,94.19999999999709
2021-08-30 15:15:00,NIFTY,16936.774999999998,16910.518262779413,16951.5,16910.518262779413,call,True,139.42499999999927
2021-08-31 09:15:00,NIFTY,16965.524999999998,16929.81081569485,16995.6,16929.81081569485,call,True,28.75
2021-08-31 15:15:00,NIFTY,17139.125,17085.455007528413,17153.5,17085.455007528413,call,True,173.60000000000218
2021-09-01 09:15:00,NIFTY,17171.575,17121.470001882102,17188.8,17121.470001882102,call,True,32.45000000000073
2021-09-01 15:15:00,NIFTY,17064.8,17098.134408703147,17098.134408703147,17055.1,put,False,106.77500000000146
2021-09-02 09:15:00,NIFTY,17103.575,17069.921102175787,17127.3,17059.7,call,False,38.775000000001455
2021-09-02 15:15:00,NIFTY,17230.65,17231.265578186278,17240.5,17223.1,put,False,127.07500000000073
2021-09-03 09:15:00,NIFTY,17278.825,17230.366394546567,17311.9,17230.366394546567,call,False,48.17499999999927
2021-09-03 15:15:00,NIFTY,17326.4,17288.962970303975,17340.1,17288.962970303975,call,True,47.57500000000073
2021-09-06 09:15:00,NIFTY,17400.325,17315.290742575995,17421.6,17315.290742575995,call,True,73.92499999999927
2021-09-06 15:15:00,NIFTY,17376.5,17380.42525451575,17382.2,17369.3,put,False,23.825000000000728
2021-09-07 09:15:00,NIFTY,17384.475,17377.906313628937,17425.2,17342.7,call,False,7.974999999998545
2021-09-07 15:15:00,NIFTY,17356.199999999997,17374.751305090267,17374.751305090267,17346.1,put,False,28.275000000001455
2021-09-08 09:15:00,NIFTY,17358.024999999998,17360.450326272563,17383.4,17324.8,put,True,1.8250000000007276
2021-09-08 15:15:00,NIFTY,17360.075,17325.364040114004,17373.9,17325.364040114004,call,False,2.0500000000029104
2021-09-09 09:15:00,NIFTY,17330.95,17355.747260028504,17355.747260028504,17307.0,put,False,29.125
2021-09-09 15:15:00,NIFTY,17366.525,17345.47732465549,17379.7,17345.47732465549,call,False,35.57500000000073
2021-09-13 09:15:00,NIFTY,17334.074999999997,17357.400581163874,17375.5,17305.9,put,False,32.450000000004366
2021-09-13 15:15:00,NIFTY,17352.075,17350.01173142645,17360.9,17344.2,call,False,18.000000000003638
2021-09-14 09:15:00,NIFTY,17414.199999999997,17349.49668285661,17425.7,17349.49668285661,call,True,62.12499999999636
2021-09-14 15:15:00,NIFTY,17377.925000000003,17381.597048571508,17385.8,17373.4,put,False,36.27499999999418
2021-09-15 09:15:00,NIFTY,17405.525,17379.693012142878,17421.5,17379.693012142878,call,False,27.599999999998545
2021-09-15 15:15:00,NIFTY,17518.324999999997,17519.813845912697,17530.6,17511.1,put,False,112.79999999999563
2021-09-16 09:15:00,NIFTY,17556.9,17517.984711478173,17576.9,17517.984711478173,call,False,38.575000000004366
2021-09-16 15:15:00,NIFTY,17627.475000000002,17629.12759419589,17635.4,17616.4,put,False,70.57500000000073
2021-09-17 09:15:00,NIFTY,17718.875,17628.325648548973,17741.1,17628.325648548973,call,False,91.39999999999782
2021-09-17 15:15:00,NIFTY,17583.475,17597.76317385141,17597.76317385141,17571.9,put,False,135.40000000000146
2021-09-20 09:15:00,NIFTY,17469.575,17593.60954346285,17593.60954346285,17425.3,put,True,113.89999999999782
2021-09-20 15:15:00,NIFTY,17389.25,17441.30750413445,17441.30750413445,17361.9,put,True,80.32500000000073
2021-09-21 09:15:00,NIFTY,17438.05,17392.226876033612,17479.9,17390.6,call,False,48.79999999999927
2021-09-21 15:15:00,NIFTY,17558.125,17532.516541548186,17578.3,17532.516541548186,call,True,120.07500000000073
2021-09-22 09:15:00,NIFTY,17568.725,17554.222885387047,17601.1,17539.6,call,True,10.599999999998545
2021-09-22 15:15:00,NIFTY,17542.775,17566.146146684758,17566.146146684758,17534.3,put,False,25.94999999999709
2021-09-23 09:15:00,NIFTY,17674.6,17550.26778667119,17690.6,17550.26778667119,call,False,131.8249999999971
2021-09-23 15:15:00,NIFTY,17830.399999999998,17810.653478459586,17840.9,17810.653478459586,call,True,155.79999999999927
2021-09-24 09:15:00,NIFTY,17914.0,17823.400869614896,17947.7,17823.400869614896,call,True,83.60000000000218
2021-09-24 15:15:00,NIFTY,17852.125,17861.05310916012,17869.7,17836.1,put,False,61.875
2021-09-27 09:15:00,NIFTY,17916.825,17848.11952729003,17933.2,17848.11952729003,call,False,64.70000000000073
2021-09-27 15:15:00,NIFTY,17855.699999999997,17855.638093652997,17864.2,17846.4,call,True,61.12500000000364
2021-09-28 09:15:00,NIFTY,17868.825,17853.384523413246,17912.8,17829.5,call,True,13.125000000003638
2021-09-28 15:15:00,NIFTY,17752.475,17691.923755574793,17777.4,17691.923755574793,call,True,116.35000000000218
2021-09-29 09:15:00,NIFTY,17645.15,17727.687188893695,17727.687188893695,17613.3,put,False,107.32499999999709
2021-09-29 15:15:00,NIFTY,17706.025,17736.927593278124,17736.927593278124,17693.4,put,True,60.875
2021-09-30 09:15:00,NIFTY,17699.375,17714.400648319534,17739.9,17664.6,put,True,6.650000000001455
2021-09-30 15:15:00,NIFTY,17613.15,17631.570591597298,17633.4,17585.3,put,True,86.22499999999854
2021-10-01 09:15:00,NIFTY,17508.2,17613.455147899327,17613.455147899327,17459.3,put,True,104.95000000000073
2021-10-01 15:15:00,NIFTY,17526.925,17524.65323652954,17533.2,17516.3,call,False,18.724999999998545
2021-10-04 09:15:00,NIFTY,17615.6,17526.444559132382,17643.1,17526.444559132382,call,True,88.67499999999927
2021-10-04 15:15:00,NIFTY,17694.275,17694.88782655564,17700.2,17684.6,put,False,78.67500000000291
2021-10-05 09:15:00,NIFTY,17672.85,17695.428206638913,17696.8,17640.9,put,True,21.42500000000291
2021-10-05 15:15:00,NIFTY,17824.375,17813.65197713543,17828.9,17813.65197713543,call,False,151.52500000000146
2021-10-06 09:15:00,NIFTY,17868.35,17822.86924428386,17884.6,17822.86924428386,call,True,43.974999999998545
2021-10-06 15:15:00,NIFTY,17635.075,17673.245064021306,17673.245064021306,17613.2,put,False,233.27499999999782
2021-10-07 09:15:00,NIFTY,17797.125,17637.642516005326,17814.4,17637.642516005326,call,False,162.04999999999927
2021-10-07 15:15:00,NIFTY,17791.475,17808.067767871467,17808.067767871467,17780.6,put,False,5.650000000001455
2021-10-08 09:15:00,NIFTY,17877.75,17798.785691967867,17892.5,17798.785691967867,call,False,86.27500000000146
2021-10-08 15:15:00,NIFTY,17896.35,17910.50420786057,17910.50420786057,17886.4,put,False,18.599999999998545
2021-10-11 09:15:00,NIFTY,17880.15,17903.488551965143,17912.4,17839.1,put,True,16.19999999999709
2021-10-11 15:15:00,NIFTY,17945.175000000003,17978.29303525022,17978.29303525022,17930.9,put,True,65.02500000000146
2021-10-12 09:15:00,NIFTY,17953.525,17955.804508812555,17995.8,17906.8,put,True,8.349999999998545
2021-10-12 15:15:00,NIFTY,17995.35,17970.9193562257,18008.7,17970.9193562257,call,False,41.82499999999709
2021-10-13 09:15:00,NIFTY,18085.725000000002,17992.542339056425,18098.8,17992.542339056425,call,True,90.37500000000364
2021-10-13 15:15:00,NIFTY,18161.100000000002,18175.920714418135,18175.920714418135,18150.7,put,False,75.375
2021-10-14 09:15:00,NIFTY,18278.925000000003,18165.942678604533,18294.8,18165.942678604533,call,False,117.82500000000073
2021-10-14 15:15:00,NIFTY,18339.65,18323.880151693087,18350.8,18323.880151693087,call,True,60.724999999998545
2021-10-18 09:15:00,NIFTY,18491.575,18333.970037923275,18512.6,18333.970037923275,call,True,151.92499999999927
2021-10-18 15:15:00,NIFTY,18470.85,18491.844356581274,18491.844356581274,18461.3,put,False,20.725000000002183
2021-10-19 09:15:00,NIFTY,18582.275,18477.423589145317,18604.4,18477.423589145317,call,False,111.42500000000291
2021-10-19 15:15:00,NIFTY,18408.649999999998,18476.658044993794,18476.658044993794,18377.7,put,False,173.62500000000364
2021-10-20 09:15:00,NIFTY,18403.074999999997,18433.977011248448,18458.2,18326.9,put,True,5.575000000000728
2021-10-20 15:15:00,NIFTY,18269.5,18249.758427491906,18285.7,18249.758427491906,call,False,133.5749999999971
2021-10-21 09:15:00,NIFTY,18338.425000000003,18269.977106872975,18384.2,18269.977106872975,call,True,68.92500000000291
2021-10-21 15:15:00,NIFTY,18189.7,18144.46930646313,18219.8,18144.46930646313,call,True,148.72500000000218
2021-10-22 09:15:00,NIFTY,18251.125,18191.35482661578,18283.2,18191.35482661578,call,True,61.42499999999927
2021-10-22 15:15:00,NIFTY,18113.025,18103.91471799194,18126.9,18098.1,call,True,138.09999999999854
2021-10-25 09:15:00,NIFTY,18152.475,18110.584929497985,18241.4,18060.1,call,True,39.44999999999709
2021-10-25 15:15:00,NIFTY,18128.024999999998,18125.20548828005,18140.9,18115.3,call,True,24.450000000000728
2021-10-26 09:15:00,NIFTY,18192.275,18130.095122070015,18230.9,18130.095122070015,call,True,64.25000000000364
2021-10-26 15:15:00,NIFTY,18279.525,18242.04812274695,18300.5,18242.04812274695,call,True,87.25
2021-10-27 09:15:00,NIFTY,18298.850000000002,18282.768280686738,18331.3,18258.8,call,True,19.325000000000728
2021-10-27 15:15:00,NIFTY,18201.75,18241.964054072992,18241.964054072992,18167.9,put,False,97.10000000000218
2021-10-28 09:15:00,NIFTY,18158.15,18200.516013518245,18200.516013518245,18125.8,put,True,43.599999999998545
2021-10-28 15:15:00,NIFTY,17840.45,17893.401836762787,17893.401836762787,17799.4,put,True,317.7000000000007
2021-10-29 09:15:00,NIFTY,17745.075,17861.550459190694,17861.550459190694,17613.1,put,True,95.375
2021-10-29 15:15:00,NIFTY,17678.35,17703.34033922407,17718.3,17638.4,put,True,66.72500000000218
2021-11-01 09:15:00,NIFTY,17763.024999999998,17700.872584806013,17833.6,17697.1,call,False,84.67499999999927
2021-11-01 15:15:00,NIFTY,17936.3,17922.40270245359,17949.8,17922.40270245359,call,True,173.27500000000146
2021-11-02 09:15:00,NIFTY,17974.600000000002,17935.350675613397,18012.3,17935.350675613397,call,True,38.30000000000291
2021-11-02 15:15:00,NIFTY,17888.975000000002,17899.245883482734,17899.4,17876.2,put,False,85.625
2021-11-03 09:15:00,NIFTY,17957.325,17890.70522087068,17978.6,17890.70522087068,call,False,68.34999999999854
2021-11-03 15:15:00,NIFTY,17822.8,17814.202642439617,17843.1,17802.9,call,True,134.52500000000146
2021-11-08 09:15:00,NIFTY,17930.899999999998,17823.688160609905,18011.6,17823.688160609905,call,True,108.09999999999854
2021-11-08 15:15:00,NIFTY,18071.525,18060.047927402742,18087.8,18060.047927402742,call,True,140.62500000000364
2021-11-09 09:15:00,NIFTY,18075.975,18071.068231850688,18092.9,18052.8,call,True,4.44999999999709
2021-11-09 15:15:00,NIFTY,18048.074999999997,18023.742793690755,18064.6,18023.742793690755,call,True,27.900000000001455
2021-11-10 09:15:00,NIFTY,17948.25,18041.104448422688,18041.104448422688,17915.6,put,False,99.82499999999709
2021-11-10 15:15:00,NIFTY,18009.625,18020.98096222904,18024.7,17999.8,put,True,61.375
2021-11-11 09:15:00,NIFTY,17950.949999999997,18011.076490557258,18011.076490557258,17928.4,put,True,58.67500000000291
2021-11-11 15:15:00,NIFTY,17874.375,17849.778587056782,17894.4,17849.778587056782,call,False,76.57499999999709
2021-11-12 09:15:00,NIFTY,17976.15,17871.9383967642,17991.6,17871.9383967642,call,True,101.77500000000146
2021-11-12 15:15:00,NIFTY,18103.05,18100.885694154407,18112.2,18093.2,call,True,126.89999999999782
2021-11-15 09:15:00,NIFTY,18174.025,18102.233923538603,18210.2,18102.233923538603,call,True,70.97500000000218
2021-11-15 15:15:00,NIFTY,18099.05,18119.486629775696,18119.486629775696,18086.5,put,False,74.97500000000218
2021-11-16 09:15:00,NIFTY,18105.375,18099.996657443924,18132.7,18063.5,call,False,6.325000000000728
2021-11-16 15:15:00,NIFTY,17985.625,18025.49296257625,18025.49296257625,17959.3,put,False,119.75
2021-11-17 09:15:00,NIFTY,17944.975,17984.366990644063,17984.366990644063,17906.6,put,True,40.650000000001455
2021-11-17 15:15:00,NIFTY,17890.025,17933.61865628612,17933.61865628612,17879.3,put,True,54.94999999999709
2021-11-18 09:15:00,NIFTY,17905.925,17897.84841407153,17945.6,17873.1,call,False,15.899999999997817
2021-11-18 15:15:00,NIFTY,17750.625,17793.22897847136,17793.22897847136,17738.0,put,False,155.29999999999927
2021-11-22 09:15:00,NIFTY,17714.9,17756.82599461784,17805.3,17611.3,put,True,35.724999999998545
2021-11-22 15:15:00,NIFTY,17420.5,17374.19402887082,17444.6,17374.19402887082,call,False,294.40000000000146
2021-11-23 09:15:00,NIFTY,17291.1,17417.511007217705,17417.511007217705,17216.1,put,False,129.40000000000146
2021-11-23 15:15:00,NIFTY,17495.325,17518.19931134945,17518.19931134945,17477.2,put,True,204.22500000000218
2021-11-24 09:15:00,NIFTY,17539.7,17499.23107783736,17561.1,17485.1,call,False,44.375
2021-11-24 15:15:00,NIFTY,17391.75,17474.400232421223,17474.400232421223,17360.6,put,False,147.95000000000073
2021-11-25 09:15:00,NIFTY,17406.925,17396.812558105303,17454.0,17375.1,call,False,15.174999999999272
2021-11-25 15:15:00,NIFTY,17539.15,17536.46256110296,17555.8,17527.6,call,True,132.22500000000218
2021-11-26 09:15:00,NIFTY,17316.025,17542.27814027574,17542.27814027574,17272.0,put,False,223.125
2021-11-26 15:15:00,NIFTY,17013.8,17087.267851701567,17087.267851701567,16995.4,put,True,302.2250000000022
2021-11-29 09:15:00,NIFTY,16959.025,17025.76696292539,17068.8,16782.4,put,True,54.77499999999782
2021-11-29 15:15:00,NIFTY,17047.075,17073.92611980986,17073.92611980986,17037.3,put,True,88.04999999999927
2021-11-30 09:15:00,NIFTY,17134.25,17050.337779952468,17209.7,17050.337779952468,call,False,87.17499999999927
2021-11-30 15:15:00,NIFTY,16974.0,17072.56594630705,17072.56594630705,16931.4,put,False,160.25
2021-12-01 09:15:00,NIFTY,17141.324999999997,16996.37898657676,17202.1,16996.37898657676,call,False,167.3249999999971
2021-12-01 15:15:00,NIFTY,17172.524999999998,17155.825156042214,17183.2,17155.825156042214,call,True,31.200000000000728
2021-12-02 09:15:00,NIFTY,17201.05,17173.137539010553,17241.1,17149.3,call,True,28.525000000001455
2021-12-02 15:15:00,NIFTY,17403.475,17364.813170333953,17420.3,17364.813170333953,call,True,202.42499999999927
2021-12-03 09:15:00,NIFTY,17451.025,17393.30954258349,17489.8,17393.30954258349,call,True,47.55000000000291
2021-12-03 15:15:00,NIFTY,17196.7,17221.181315540347,17221.181315540347,17189.2,put,False,254.32500000000073
2021-12-06 09:15:00,NIFTY,17183.375,17206.74532888509,17216.8,17125.7,put,True,13.325000000000728
2021-12-06 15:15:00,NIFTY,16904.824999999997,16955.533940921447,16955.533940921447,16891.7,put,True,278.5500000000029
2021-12-07 09:15:00,NIFTY,17024.925,16917.727235230363,17058.9,16917.727235230363,call,False,120.10000000000218
2021-12-07 15:15:00,NIFTY,17177.425,17209.99601641013,17209.99601641013,17169.7,put,False,152.5
2021-12-08 09:15:00,NIFTY,17347.05,17185.36775410253,17390.1,17185.36775410253,call,False,169.625
2021-12-08 15:15:00,NIFTY,17466.4,17459.175774366722,17474.3,17459.1,call,True,119.35000000000218
2021-12-09 09:15:00,NIFTY,17487.35,17463.36894359168,17543.3,17432.1,call,True,20.94999999999709
2021-12-09 15:15:00,NIFTY,17512.05,17490.89866772407,17523.8,17490.89866772407,call,True,24.700000000000728
2021-12-10 09:15:00,NIFTY,17495.075,17503.187166931017,17534.3,17434.8,put,False,16.974999999998545
2021-12-10 15:15:00,NIFTY,17508.3,17487.95711431874,17530.4,17487.95711431874,call,False,13.224999999998545
2021-12-13 09:15:00,NIFTY,17621.725000000002,17497.514278579685,17639.5,17497.514278579685,call,True,113.42500000000291
2021-12-13 15:15:00,NIFTY,17370.325,17383.215574341375,17383.215574341375,17358.7,put,False,251.40000000000146
2021-12-14 09:15:00,NIFTY,17291.199999999997,17379.472643585344,17379.472643585344,17242.8,put,True,79.12500000000364
2021-12-14 15:15:00,NIFTY,17319.8,17303.732588131585,17339.7,17303.732588131585,call,False,28.600000000002183
2021-12-15 09:15:00,NIFTY,17307.55,17312.870647032894,17351.2,17262.2,put,False,12.25
2021-12-15 15:15:00,NIFTY,17213.175,17262.393845410385,17262.393845410385,17200.3,put,True,94.375
2021-12-16 09:15:00,NIFTY,17347.275,17221.817211352594,17379.3,17221.817211352594,call,False,134.10000000000218
2021-12-16 15:15:00,NIFTY,17256.100000000002,17223.608048465383,17283.9,17223.608048465383,call,True,91.17499999999927
2021-12-17 09:15:00,NIFTY,17225.725,17261.327012116344,17298.2,17147.9,put,False,30.375000000003638
2021-12-17 15:15:00,NIFTY,16984.5,17005.29152506602,17005.29152506602,16970.7,put,True,241.22499999999854
2021-12-20 09:15:00,NIFTY,16758.625,16991.697881266504,16991.697881266504,16658.2,put,True,225.875
2021-12-20 15:15:00,NIFTY,16614.325,16575.127759133153,16634.6,16575.127759133153,call,False,144.29999999999927
2021-12-21 09:15:00,NIFTY,16787.95,16603.150689783288,16839.4,16603.150689783288,call,True,173.625
2021-12-21 15:15:00,NIFTY,16778.025,16772.42907076482,16785.3,16767.3,call,True,9.924999999999272
2021-12-22 09:15:00,NIFTY,16873.55,16779.601017691206,16910.3,16779.601017691206,call,True,95.52499999999782
2021-12-22 15:15:00,NIFTY,16956.825,16923.60197098559,16969.8,16923.60197098559,call,True,83.27500000000146
2021-12-23 09:15:00,NIFTY,17057.575,16953.294242746397,17069.7,16953.294242746397,call,True,100.75
2021-12-23 15:15:00,NIFTY,17068.65,17068.572808678102,17089.3,17043.3,call,True,11.075000000000728
2021-12-24 09:15:00,NIFTY,17113.6,17060.955702169525,17155.6,17051.4,call,True,44.94999999999709
2021-12-24 15:15:00,NIFTY,17004.4,17020.186837908965,17020.186837908965,16996.4,put,False,109.19999999999709
2021-12-27 09:15:00,NIFTY,16912.675,17005.284209477242,17005.284209477242,16833.2,put,True,91.72500000000218
2021-12-27 15:15:00,NIFTY,17087.825,17085.927284402205,17095.3,17079.3,call,False,175.15000000000146
2021-12-28 09:15:00,NIFTY,17184.45,17091.925571100553,17203.9,17091.925571100553,call,True,96.625
2021-12-28 15:15:00,NIFTY,17234.675000000003,17211.931667543984,17242.7,17211.931667543984,call,True,50.22500000000218
2021-12-29 09:15:00,NIFTY,17221.800000000003,17228.501666885997,17255.8,17180.9,put,False,12.875
2021-12-29 15:15:00,NIFTY,17201.25,17239.86303052018,17239.86303052018,17176.7,put,True,20.55000000000291
2021-12-30 09:15:00,NIFTY,17191.949999999997,17203.290757630046,17217.1,17146.3,put,True,9.30000000000291
2021-12-30 15:15:00,NIFTY,17215.425,17212.68167014067,17226.3,17197.8,call,False,23.475000000002183
2021-12-31 09:15:00,NIFTY,17275.925000000003,17220.951667535166,17316.1,17220.951667535166,call,True,60.50000000000364
2021-12-31 15:15:00,NIFTY,17355.7,17360.63519348661,17363.2,17349.8,put,False,79.77499999999782
